Workbook

Sheet Raw Data_4Ps Beneficiaries
A1: Region | B1: Age | C1: Total | D1: Island | E1: Quarter | F1: Year
A2: NCR | B2: 0-2 | C2: 2616 | D2: Luzon | E2: Q1 | F2: 2020
A3: NCR | B3: 3-5 | C3: 7713 | D3: Luzon | E3: Q1 | F3: 2020
A4: NCR | B4: 6-14 | C4: 216848 | D4: Luzon | E4: Q1 | F4: 2020
A5: NCR | B5: 15-18 | C5: 170234 | D5: Luzon | E5: Q1 | F5: 2020
A6: CAR | B6: 0-2 | C6: 1531 | D6: Luzon | E6: Q1 | F6: 2020
A7: CAR | B7: 3-5 | C7: 4721 | D7: Luzon | E7: Q1 | F7: 2020
A8: CAR | B8: 6-14 | C8: 53543 | D8: Luzon | E8: Q1 | F8: 2020
A9: CAR | B9: 15-18 | C9: 50005 | D9: Luzon | E9: Q1 | F9: 2020
A10: I | B10: 0-2 | C10: 5484 | D10: Luzon | E10: Q1 | F10: 2020
A11: I | B11: 3-5 | C11: 18833 | D11: Luzon | E11: Q1 | F11: 2020
A12: I | B12: 6-14 | C12: 209712 | D12: Luzon | E12: Q1 | F12: 2020
A13: I | B13: 15-18 | C13: 156833 | D13: Luzon | E13: Q1 | F13: 2020
... A265: BARMM | B265: 15-18 | C265: 390854 | D265: Mindanao | E265: Q4 | F265: 2020

Sheet Analysis_4Ps Beneficiaries
A1: Year | B1: 2020
A2: Age | B2: (Multiple Items) | K2: Note(s):
K3: 4Ps Children Beneficiaries Count per Quarter: Median Value is used to account for all quarters.
A4: Sum of Total | B4: Column Labels | K4: Region XIII has missing reports on Q2 and Q3.
A5: Row Labels | B5: Q1 | C5: Q2 | D5: Q3 | E5: Q4 | F5: Grand Total | H5: Median Value
A6: BARMM | B6: 706850 | C6: 684820 | D6: 655101 | E6: 704664 | F6: 2751435 | H6: =MEDIAN(B6:E6) -> 694742
A7: CAR | B7: 109800 | C7: 108268 | D7: 106106 | E7: 101818 | F7: 425992 | H7: =MEDIAN(B7:E7) -> 107187
A8: I | B8: 390862 | C8: 385096 | D8: 378493 | E8: 374982 | F8: 1529433 | H8: =MEDIAN(B8:E8) -> 381794.5
A9: II | B9: 192446 | C9: 195073 | D9: 191407 | E9: 189235 | F9: 768161 | H9: =MEDIAN(B9:E9) -> 191926.5
A10: III | B10: 535756 | C10: 541571 | D10: 528756 | E10: 519573 | F10: 2125656 | H10: =MEDIAN(B10:E10) -> 532256
A11: IV-A | B11: 608082 | C11: 616053 | D11: 604615 | E11: 589737 | F11: 2418487 | H11: =MEDIAN(B11:E11) -> 606348.5
A12: IX | B12: 500054 | C12: 495969 | D12: 486182 | E12: 473471 | F12: 1955676 | H12: =MEDIAN(B12:E12) -> 491075.5
A13: MIMAROPA | B13: 359156 | C13: 353569 | D13: 349956 | E13: 341434 | F13: 1404115 | H13: =MEDIAN(B13:E13) -> 351762.5
A14: NCR | B14: 397411 | C14: 408502 | D14: 400389 | E14: 382728 | F14: 1589030 | H14: =MEDIAN(B14:E14) -> 398900
A15: V | B15: 728048 | C15: 733748 | D15: 725394 | E15: 711658 | F15: 2898848 | H15: =MEDIAN(B15:E15) -> 726721
A16: VI | B16: 638105 | C16: 631919 | D16: 617711 | E16: 607903 | F16: 2495638 | H16: =MEDIAN(B16:E16) -> 624815
A17: VII | B17: 546617 | C17: 548075 | D17: 534619 | E17: 520212 | F17: 2149523 | H17: =MEDIAN(B17:E17) -> 540618
... A21: XII | B21: 408433 | C21: 411718 | D21: 395168 | E21: 316715 | F21: 1532034 | H21: =MEDIAN(B21:E21) -> 401800.5
A22: XIII | B22: 329619 | E22: 315020 | F22: 644639 | H22: =MEDIAN(B22:E22) -> 322319.5
A23: Grand Total | B23: 7834939 | C23: 7482837 | D23: 7309258 | E23: 7446916 | F23: 30073950

Sheet Raw Data_Enrollment Rate
A1: Region | B1: KINDER | C1: ELEM | D1: JHS | E1: SHS
A2: III | B2: 0.6706 | C2: 1 | D2: 0.8769 | E2: 0.5803
A3: IV-A | B3: 0.6537 | C3: 0.9823 | D3: 0.8785 | E3: 0.5479
A4: II | B4: 0.6245 | C4: 0.9717 | D4: 0.8881 | E4: 0.5646
A5: VII | B5: 0.695 | C5: 0.9807 | D5: 0.8852 | E5: 0.4781
A6: NCR | B6: 0.5717 | C6: 0.8991 | D6: 0.8968 | E6: 0.6228
A7: I | B7: 0.571 | C7: 0.8999 | D7: 0.8985 | E7: 0.6154
A8: VI | B8: 0.6682 | C8: 0.9725 | D8: 0.8568 | E8: 0.4422
A9: CAR | B9: 0.6232 | C9: 0.914 | D9: 0.8476 | E9: 0.5053
A10: X | B10: 0.7336 | C10: 0.9923 | D10: 0.7675 | E10: 0.3805
A11: XIII | B11: 0.6431 | C11: 0.9484 | D11: 0.822 | E11: 0.4077
A12: XI | B12: 0.6045 | C12: 0.9387 | D12: 0.8544 | E12: 0.4153
A13: V | B13: 0.6358 | C13: 0.9268 | D13: 0.8227 | E13: 0.4231
... A18: BARMM | B18: 0.5365 | C18: 0.7151 | D18: 0.3648 | E18: 0.1059

Sheet Analysis_Enrollment Rate
A1: Region | B1: KINDER | C1: ELEM | D1: JHS | E1: SHS | F1: Average
A2: III | B2: 67.06 | C2: 100 | D2: 87.69 | E2: 58.03 | F2: =(AVERAGE(B2:E2))/100 -> 0.78195
A3: IV-A | B3: 65.37 | C3: 98.23 | D3: 87.85 | E3: 54.79 | F3: =(AVERAGE(B3:E3))/100 -> 0.7656
A4: II | B4: 62.45 | C4: 97.17 | D4: 88.81 | E4: 56.46 | F4: =(AVERAGE(B4:E4))/100 -> 0.762225
A5: VII | B5: 69.5 | C5: 98.07 | D5: 88.52 | E5: 47.81 | F5: =(AVERAGE(B5:E5))/100 -> 0.75975
A6: NCR | B6: 57.17 | C6: 89.91 | D6: 89.68 | E6: 62.28 | F6: =(AVERAGE(B6:E6))/100 -> 0.7476
A7: I | B7: 57.1 | C7: 89.99 | D7: 89.85 | E7: 61.54 | F7: =(AVERAGE(B7:E7))/100 -> 0.7462
A8: VI | B8: 66.82 | C8: 97.25 | D8: 85.68 | E8: 44.22 | F8: =(AVERAGE(B8:E8))/100 -> 0.734925
A9: CAR | B9: 62.32 | C9: 91.4 | D9: 84.76 | E9: 50.53 | F9: =(AVERAGE(B9:E9))/100 -> 0.722525
A10: X | B10: 73.36 | C10: 99.23 | D10: 76.75 | E10: 38.05 | F10: =(AVERAGE(B10:E10))/100 -> 0.718475
A11: XIII | B11: 64.31 | C11: 94.84 | D11: 82.2 | E11: 40.77 | F11: =(AVERAGE(B11:E11))/100 -> 0.7053
A12: XI | B12: 60.45 | C12: 93.87 | D12: 85.44 | E12: 41.53 | F12: =(AVERAGE(B12:E12))/100 -> 0.703225
A13: V | B13: 63.58 | C13: 92.68 | D13: 82.27 | E13: 42.31 | F13: =(AVERAGE(B13:E13))/100 -> 0.7021
... A18: BARMM | B18: 53.65 | C18: 71.51 | D18: 36.48 | E18: 10.59 | F18: =(AVERAGE(B18:E18))/100 -> 0.430575
A24: Note(s):
A25: Average is calculated to account the enrollment rate of all K to 12 students.
A26: The enrollment rate per region is plotted in a bar chart, arranged in descending order to clearly visualize the trend.
A28: Insight(s):
A29: Most regions fall within the 70-80% range, while BARMM falls behind at around 43%.

Sheet Matrix Chart
A1: Region | B1: 4Ps Beneficiaries 2020 | C1: Enrollment Rate | D1: Adjusted X | E1: Adjusted Y
A2: CAR | B2: 107187 | C2: =_xlfn.XLOOKUP(A2,'Analysis_Enrollment Rate'!$A$2:$A$18,'Analysis_Enrollment Rate'!$F$2:$F$18) -> 0.722525 | D2: =B2-(MEDIAN($B$2:$B$18)) -> -335379 | E2: =C2-(MEDIAN($C$2:$C$18)) -> 0.00405
A3: NCR | B3: 398900 | C3: =_xlfn.XLOOKUP(A3,'Analysis_Enrollment Rate'!$A$2:$A$18,'Analysis_Enrollment Rate'!$F$2:$F$18) -> 0.7476 | D3: =B3-(MEDIAN($B$2:$B$18)) -> -43666 | E3: =C3-(MEDIAN($C$2:$C$18)) -> 0.029125
A4: IV-A | B4: 606348.5 | C4: =_xlfn.XLOOKUP(A4,'Analysis_Enrollment Rate'!$A$2:$A$18,'Analysis_Enrollment Rate'!$F$2:$F$18) -> 0.7656 | D4: =B4-(MEDIAN($B$2:$B$18)) -> 163782.5 | E4: =C4-(MEDIAN($C$2:$C$18)) -> 0.047125 | L4: Enrollment Rate
A5: III | B5: 532256 | C5: =_xlfn.XLOOKUP(A5,'Analysis_Enrollment Rate'!$A$2:$A$18,'Analysis_Enrollment Rate'!$F$2:$F$18) -> 0.78195 | D5: =B5-(MEDIAN($B$2:$B$18)) -> 89690 | E5: =C5-(MEDIAN($C$2:$C$18)) -> 0.063475
A6: II | B6: 191926.5 | C6: =_xlfn.XLOOKUP(A6,'Analysis_Enrollment Rate'!$A$2:$A$18,'Analysis_Enrollment Rate'!$F$2:$F$18) -> 0.762225 | D6: =B6-(MEDIAN($B$2:$B$18)) -> -250639.5 | E6: =C6-(MEDIAN($C$2:$C$18)) -> 0.04375
A7: VII | B7: 540618 | C7: =_xlfn.XLOOKUP(A7,'Analysis_Enrollment Rate'!$A$2:$A$18,'Analysis_Enrollment Rate'!$F$2:$F$18) -> 0.75975 | D7: =B7-(MEDIAN($B$2:$B$18)) -> 98052 | E7: =C7-(MEDIAN($C$2:$C$18)) -> 0.041275
A8: I | B8: 381794.5 | C8: =_xlfn.XLOOKUP(A8,'Analysis_Enrollment Rate'!$A$2:$A$18,'Analysis_Enrollment Rate'!$F$2:$F$18) -> 0.7462 | D8: =B8-(MEDIAN($B$2:$B$18)) -> -60771.5 | E8: =C8-(MEDIAN($C$2:$C$18)) -> 0.027725
A9: VI | B9: 624815 | C9: =_xlfn.XLOOKUP(A9,'Analysis_Enrollment Rate'!$A$2:$A$18,'Analysis_Enrollment Rate'!$F$2:$F$18) -> 0.734925 | D9: =B9-(MEDIAN($B$2:$B$18)) -> 182249 | E9: =C9-(MEDIAN($C$2:$C$18)) -> 0.01645
A10: XI | B10: 404542.5 | C10: =_xlfn.XLOOKUP(A10,'Analysis_Enrollment Rate'!$A$2:$A$18,'Analysis_Enrollment Rate'!$F$2:$F$18) -> 0.703225 | D10: =B10-(MEDIAN($B$2:$B$18)) -> -38023.5 | E10: =C10-(MEDIAN($C$2:$C$18)) -> -0.01525
A11: XII | B11: 401800.5 | C11: =_xlfn.XLOOKUP(A11,'Analysis_Enrollment Rate'!$A$2:$A$18,'Analysis_Enrollment Rate'!$F$2:$F$18) -> 0.674975 | D11: =B11-(MEDIAN($B$2:$B$18)) -> -40765.5 | E11: =C11-(MEDIAN($C$2:$C$18)) -> -0.0435 | R11: 4Ps Beneficiaries
A12: X | B12: 442566 | C12: =_xlfn.XLOOKUP(A12,'Analysis_Enrollment Rate'!$A$2:$A$18,'Analysis_Enrollment Rate'!$F$2:$F$18) -> 0.718475 | D12: =B12-(MEDIAN($B$2:$B$18)) -> 0 | E12: =C12-(MEDIAN($C$2:$C$18)) -> 0
A13: IV-B | B13: 351762.5 | C13: =_xlfn.XLOOKUP(A13,'Analysis_Enrollment Rate'!$A$2:$A$18,'Analysis_Enrollment Rate'!$F$2:$F$18) -> 0.689975 | D13: =B13-(MEDIAN($B$2:$B$18)) -> -90803.5 | E13: =C13-(MEDIAN($C$2:$C$18)) -> -0.0285
A14: VIII | B14: 504800 | C14: =_xlfn.XLOOKUP(A14,'Analysis_Enrollment Rate'!$A$2:$A$18,'Analysis_Enrollment Rate'!$F$2:$F$18) -> 0.6887 | D14: =B14-(MEDIAN($B$2:$B$18)) -> 62234 | E14: =C14-(MEDIAN($C$2:$C$18)) -> -0.029775
A15: XIII | B15: 322319.5 | C15: =_xlfn.XLOOKUP(A15,'Analysis_Enrollment Rate'!$A$2:$A$18,'Analysis_Enrollment Rate'!$F$2:$F$18) -> 0.7053 | D15: =B15-(MEDIAN($B$2:$B$18)) -> -120246.5 | E15: =C15-(MEDIAN($C$2:$C$18)) -> -0.013175
A16: V | B16: 726721 | C16: =_xlfn.XLOOKUP(A16,'Analysis_Enrollment Rate'!$A$2:$A$18,'Analysis_Enrollment Rate'!$F$2:$F$18) -> 0.7021 | D16: =B16-(MEDIAN($B$2:$B$18)) -> 284155 | E16: =C16-(MEDIAN($C$2:$C$18)) -> -0.016375
A17: IX | B17: 491075.5 | C17: =_xlfn.XLOOKUP(A17,'Analysis_Enrollment Rate'!$A$2:$A$18,'Analysis_Enrollment Rate'!$F$2:$F$18) -> 0.664025 | D17: =B17-(MEDIAN($B$2:$B$18)) -> 48509.5 | E17: =C17-(MEDIAN($C$2:$C$18)) -> -0.05445
A18: BARMM | B18: 694742 | C18: =_xlfn.XLOOKUP(A18,'Analysis_Enrollment Rate'!$A$2:$A$18,'Analysis_Enrollment Rate'!$F$2:$F$18) -> 0.430575 | D18: =B18-(MEDIAN($B$2:$B$18)) -> 252176 | E18: =C18-(MEDIAN($C$2:$C$18)) -> -0.2879
A22: Note(s):
A23: Median is calculated to reduce the influence of extreme values and gives a fair midpoint valuefor all regions.
A24: Adjusted X and Adjusted Y is calculated by subtracting the median from each region’s value to shift the axes, and so that the center becomes (0,0).
A25: X-axis: 4Ps Beneficiaries (median value) for the year 2020 to match the same year of the available enrollment rate data.
A26: Y-axis: Enrollment Rate 2020
A28: Insight(s):
A29: Quadrant 1 - upper right (high 4Ps beneficiaries and high enrollment rate)
A30: Quadrant 2 - upper left (low 4Ps beneficiaries and high enrollment rate)
A31: Quadrant 3 - lower left (low 4Ps beneficiaries and low enrollment rate)
A32: Quadrant 4 - lower right (high 4Ps beneficiaries and low enrollment rate)
A33: Regions in Q4 have high 4Ps investment, but it is not translating into enrollment. BARMM is the most critical region to look into.
