Workbook

Sheet Enrollment Count
A1: Region | B1: Enrollees Number | C1: Level | D1: Gender | E1: Year | J1: Year | K1: 2020-2021
A2: NCR | B2: 123928 | C2: Kindergarten | D2: Male | E2: 2018-2019 | J2: Level | K2: (All)
A3: NCR | B3: 116197 | C3: Kindergarten | D3: Female | E3: 2018-2019
A4: NCR | B4: 123584 | C4: Grade 1 | D4: Male | E4: 2018-2019 | J4: Region | K4: SUM of Enrollees Number
A5: NCR | B5: 114119 | C5: Grade 1 | D5: Female | E5: 2018-2019 | J5: BARMM | K5: 870095
A6: NCR | B6: 107592 | C6: Grade 2 | D6: Male | E6: 2018-2019 | J6: CAR | K6: 780001
A7: NCR | B7: 99837 | C7: Grade 2 | D7: Female | E7: 2018-2019 | J7: I | K7: 1284454
A8: NCR | B8: 113133 | C8: Grade 3 | D8: Male | E8: 2018-2019 | J8: II | K8: 913322
A9: NCR | B9: 106867 | C9: Grade 3 | D9: Female | E9: 2018-2019 | J9: III | K9: 2826829
A10: NCR | B10: 118956 | C10: Grade 4 | D10: Male | E10: 2018-2019 | J10: IV-A | K10: 3652990
A11: NCR | B11: 113310 | C11: Grade 4 | D11: Female | E11: 2018-2019 | J11: IX | K11: 1027901
A12: NCR | B12: 123691 | C12: Grade 5 | D12: Male | E12: 2018-2019 | J12: MIMAROPA | K12: 882763
A13: NCR | B13: 117814 | C13: Grade 5 | D13: Female | E13: 2018-2019 | J13: NCR | K13: 2660593
A14: NCR | B14: 122640 | C14: Grade 6 | D14: Male | E14: 2018-2019 | J14: V | K14: 1665253
A15: NCR | B15: 116645 | C15: Grade 6 | D15: Female | E15: 2018-2019 | J15: VI | K15: 2043920
A16: NCR | B16: 130043 | C16: Grade 7 | D16: Male | E16: 2018-2019 | J16: VII | K16: 2007141
... A22: NCR | B22: 100015 | C22: Grade 10 | D22: Male | E22: 2018-2019 | J22: Grand Total | K22: 26494073
A23: NCR | B23: 106000 | C23: Grade 10 | D23: Female | E23: 2018-2019
A24: NCR | B24: 105623 | C24: Grade 11 | D24: Male | E24: 2018-2019
A25: NCR | B25: 113961 | C25: Grade 11 | D25: Female | E25: 2018-2019
A26: NCR | B26: 87870 | C26: Grade 12 | D26: Male | E26: 2018-2019
A27: NCR | B27: 99445 | C27: Grade 12 | D27: Female | E27: 2018-2019
A28: NCR | B28: 110830 | C28: Kindergarten | D28: Male | E28: 2019-2020
A29: NCR | B29: 101839 | C29: Kindergarten | D29: Female | E29: 2019-2020
A30: NCR | B30: 125615 | C30: Grade 1 | D30: Male | E30: 2019-2020
A31: NCR | B31: 117215 | C31: Grade 1 | D31: Female | E31: 2019-2020
A32: NCR | B32: 121687 | C32: Grade 2 | D32: Male | E32: 2019-2020
A33: NCR | B33: 112850 | C33: Grade 2 | D33: Female | E33: 2019-2020
A34: NCR | B34: 106555 | C34: Grade 3 | D34: Male | E34: 2019-2020
... A1327: BARMM | B1327: 17273 | C1327: Grade 12 | D1327: Female | E1327: 2020-2021

Sheet 4Ps Children Count
A1: Region | B1: Age | C1: Total | D1: Island | E1: Quarter | F1: Year
A2: NCR | B2: 0-2 | C2: 2616 | D2: Luzon | E2: Q1 | F2: 2020 | J2: Year | K2: 2020
A3: NCR | B3: 3-5 | C3: 7713 | D3: Luzon | E3: Q1 | F3: 2020 | J3: Age | K3: (All)
A4: NCR | B4: 6-14 | C4: 216848 | D4: Luzon | E4: Q1 | F4: 2020
A5: NCR | B5: 15-18 | C5: 170234 | D5: Luzon | E5: Q1 | F5: 2020 | J5: SUM of Total | K5: Quarter
A6: CAR | B6: 0-2 | C6: 1531 | D6: Luzon | E6: Q1 | F6: 2020 | J6: Region | K6: Q1 | L6: Q2 | M6: Q3 | N6: Q4 | O6: Grand Total | Q6: Region | R6: Q1 | S6: Q2 | T6: Q3 | U6: Q4 | V6: Median
A7: CAR | B7: 3-5 | C7: 4721 | D7: Luzon | E7: Q1 | F7: 2020 | J7: BARMM | K7: 706850 | L7: 684820 | M7: 655101 | N7: 704664 | O7: 2751435 | Q7: BARMM | R7: 706850 | S7: 684820 | T7: 655101 | U7: 704664 | V7: =MEDIAN(R7:U7) -> 694742
A8: CAR | B8: 6-14 | C8: 53543 | D8: Luzon | E8: Q1 | F8: 2020 | J8: CAR | K8: 109800 | L8: 108268 | M8: 106106 | N8: 101818 | O8: 425992 | Q8: CAR | R8: 109800 | S8: 108268 | T8: 106106 | U8: 101818 | V8: =MEDIAN(R8:U8) -> 107187
A9: CAR | B9: 15-18 | C9: 50005 | D9: Luzon | E9: Q1 | F9: 2020 | J9: I | K9: 390862 | L9: 385096 | M9: 378493 | N9: 374982 | O9: 1529433 | Q9: I | R9: 390862 | S9: 385096 | T9: 378493 | U9: 374982 | V9: =MEDIAN(R9:U9) -> 381794.5
A10: I | B10: 0-2 | C10: 5484 | D10: Luzon | E10: Q1 | F10: 2020 | J10: II | K10: 192446 | L10: 195073 | M10: 191407 | N10: 189235 | O10: 768161 | Q10: II | R10: 192446 | S10: 195073 | T10: 191407 | U10: 189235 | V10: =MEDIAN(R10:U10) -> 191926.5
A11: I | B11: 3-5 | C11: 18833 | D11: Luzon | E11: Q1 | F11: 2020 | J11: III | K11: 535756 | L11: 541571 | M11: 528756 | N11: 519573 | O11: 2125656 | Q11: III | R11: 535756 | S11: 541571 | T11: 528756 | U11: 519573 | V11: =MEDIAN(R11:U11) -> 532256
A12: I | B12: 6-14 | C12: 209712 | D12: Luzon | E12: Q1 | F12: 2020 | J12: IV-A | K12: 608082 | L12: 616053 | M12: 604615 | N12: 589737 | O12: 2418487 | Q12: IV-A | R12: 608082 | S12: 616053 | T12: 604615 | U12: 589737 | V12: =MEDIAN(R12:U12) -> 606348.5
A13: I | B13: 15-18 | C13: 156833 | D13: Luzon | E13: Q1 | F13: 2020 | J13: IX | K13: 500054 | L13: 495969 | M13: 486182 | N13: 473471 | O13: 1955676 | Q13: IX | R13: 500054 | S13: 495969 | T13: 486182 | U13: 473471 | V13: =MEDIAN(R13:U13) -> 491075.5
A14: II | B14: 0-2 | C14: 2029 | D14: Luzon | E14: Q1 | F14: 2020 | J14: MIMAROPA | K14: 359156 | L14: 353569 | M14: 349956 | N14: 341434 | O14: 1404115 | Q14: MIMAROPA | R14: 359156 | S14: 353569 | T14: 349956 | U14: 341434 | V14: =MEDIAN(R14:U14) -> 351762.5
A15: II | B15: 3-5 | C15: 7106 | D15: Luzon | E15: Q1 | F15: 2020 | J15: NCR | K15: 397411 | L15: 408502 | M15: 400389 | N15: 382728 | O15: 1589030 | Q15: NCR | R15: 397411 | S15: 408502 | T15: 400389 | U15: 382728 | V15: =MEDIAN(R15:U15) -> 398900
A16: II | B16: 6-14 | C16: 103150 | D16: Luzon | E16: Q1 | F16: 2020 | J16: V | K16: 728048 | L16: 733748 | M16: 725394 | N16: 711658 | O16: 2898848 | Q16: V | R16: 728048 | S16: 733748 | T16: 725394 | U16: 711658 | V16: =MEDIAN(R16:U16) -> 726721
A17: II | B17: 15-18 | C17: 80161 | D17: Luzon | E17: Q1 | F17: 2020 | J17: VI | K17: 638105 | L17: 631919 | M17: 617711 | N17: 607903 | O17: 2495638 | Q17: VI | R17: 638105 | S17: 631919 | T17: 617711 | U17: 607903 | V17: =MEDIAN(R17:U17) -> 624815
A18: III | B18: 0-2 | C18: 2969 | D18: Luzon | E18: Q1 | F18: 2020 | J18: VII | K18: 546617 | L18: 548075 | M18: 534619 | N18: 520212 | O18: 2149523 | Q18: VII | R18: 546617 | S18: 548075 | T18: 534619 | U18: 520212 | V18: =MEDIAN(R18:U18) -> 540618
... A22: IV-A | B22: 0-2 | C22: 6029 | D22: Luzon | E22: Q1 | F22: 2020 | J22: XII | K22: 408433 | L22: 411718 | M22: 395168 | N22: 316715 | O22: 1532034 | Q22: XII | R22: 408433 | S22: 411718 | T22: 395168 | U22: 316715 | V22: =MEDIAN(R22:U22) -> 401800.5
A23: IV-A | B23: 3-5 | C23: 19467 | D23: Luzon | E23: Q1 | F23: 2020 | J23: XIII | K23: 329619 | N23: 315020 | O23: 644639 | Q23: XIII | R23: 329619 | U23: 315020 | V23: =MEDIAN(R23:U23) -> 322319.5
A24: IV-A | B24: 6-14 | C24: 326299 | D24: Luzon | E24: Q1 | F24: 2020 | J24: Grand Total | K24: 7834939 | L24: 7482837 | M24: 7309258 | N24: 7446916 | O24: 30073950
A25: IV-A | B25: 15-18 | C25: 256287 | D25: Luzon | E25: Q1 | F25: 2020
A26: MIMAROPA | B26: 0-2 | C26: 5734 | D26: Luzon | E26: Q1 | F26: 2020
A27: MIMAROPA | B27: 3-5 | C27: 19927 | D27: Luzon | E27: Q1 | F27: 2020
A28: MIMAROPA | B28: 6-14 | C28: 181815 | D28: Luzon | E28: Q1 | F28: 2020
A29: MIMAROPA | B29: 15-18 | C29: 151680 | D29: Luzon | E29: Q1 | F29: 2020
A30: V | B30: 0-2 | C30: 4945 | D30: Luzon | E30: Q1 | F30: 2020
A31: V | B31: 3-5 | C31: 16623 | D31: Luzon | E31: Q1 | F31: 2020
A32: V | B32: 6-14 | C32: 375497 | D32: Luzon | E32: Q1 | F32: 2020
A33: V | B33: 15-18 | C33: 330983 | D33: Luzon | E33: Q1 | F33: 2020
A34: VI | B34: 0-2 | C34: 7622 | D34: Visayas | E34: Q1 | F34: 2020
A35: VI | B35: 3-5 | C35: 21727 | D35: Visayas | E35: Q1 | F35: 2020
A36: VI | B36: 6-14 | C36: 334834 | D36: Visayas | E36: Q1 | F36: 2020
... A265: BARMM | B265: 15-18 | C265: 390854 | D265: Mindanao | E265: Q4 | F265: 2020

Sheet Enrollment Numbers Final
B1: 2020
A2: Enrollment Ranking | B2: Region | C2: 4Ps Children Total Population (5-19 yrs old) | D2: Total Enrollees (K to 12)
A3: 16 | B3: CAR | C3: 107187 | D3: 780001
A4: 3 | B4: XIII | C4: 322319.5 | D4: 780001
A5: 1 | B5: BARMM | C5: 694742 | D5: 870095
A6: 2 | B6: IV-B | C6: 351762.5 | D6: 882763
A7: 13 | B7: II | C7: 191926.5 | D7: 913322
A8: 5 | B8: IX | C8: 491075.5 | D8: 1027901
A9: 9 | B9: XII | C9: 401800.5 | D9: 1256650
A10: 4 | B10: VIII | C10: 504800 | D10: 1265851
A11: 8 | B11: I | C11: 381794.5 | D11: 1284454
A12: 11 | B12: XI | C12: 404542.5 | D12: 1286075
A13: 7 | B13: X | C13: 442566 | D13: 1290234
A14: 14 | B14: V | C14: 726721 | D14: 1665253
... A19: 15 | B19: IV-A | C19: 606348.5 | D19: 3652990

Sheet Public Schools Count 2020
A1: Region | B1: # of Public Schools
A2: NCR | B2: 1045
A3: CAR | B3: 2106
A4: XIII | B4: 2578
A5: MIMAROPA | B5: 2662
A6: XI | B6: 2680
A7: BARMM | B7: 2722
A8: XII | B8: 2859
A9: IX | B9: 2921 | F9: High | G9: 0.58339228
A10: II | B10: 3022 | F10: Low | G10: 0.41660772
A11: X | B11: 3104
A12: I | B12: 3552
A13: IV-A | B13: 4049
A14: III | B14: 4434
A15: V | B15: 4582
A16: VII | B16: 4655
A17: VIII | B17: 4690
A18: VI | B18: 4891
A20: Total | B20: =SUM(B2:B18) -> 56552
A21: Median | B21: =MEDIAN(B2:B18) -> 3022

Sheet 4Ps Share in Enrollment DepEd
B1: 2020
A2: Enrollment Ranking | B2: Region | C2: 4Ps Children Total Population (5-19 yrs old) | D2: Total Enrollees (K to 12) | E2: % Ratio | F2: 4Ps Children | G2: K-12 Enrollment Count
A3: 16 | B3: CAR | C3: 107187 | D3: 780001 | E3: =C3/D3 -> 0.13741905 | F3: =IF(C3>=$C$22,"High","Low") -> Low | G3: =IF(D3>=$D$22,"High","Low") -> Low
A4: 3 | B4: NCR | C4: 398900 | D4: 2660593 | E4: =C4/D4 -> 0.14992898 | F4: =IF(C4>=$C$22,"High","Low") -> Low | G4: =IF(D4>=$D$22,"High","Low") -> High
A5: 1 | B5: IV-A | C5: 606348.5 | D5: 3652990 | E5: =C5/D5 -> 0.1659869 | F5: =IF(C5>=$C$22,"High","Low") -> High | G5: =IF(D5>=$D$22,"High","Low") -> High
A6: 2 | B6: III | C6: 532256 | D6: 2826829 | E6: =C6/D6 -> 0.1882873 | F6: =IF(C6>=$C$22,"High","Low") -> High | G6: =IF(D6>=$D$22,"High","Low") -> High
A7: 13 | B7: II | C7: 191926.5 | D7: 913322 | E7: =C7/D7 -> 0.21014111 | F7: =IF(C7>=$C$22,"High","Low") -> Low | G7: =IF(D7>=$D$22,"High","Low") -> Low
A8: 5 | B8: VII | C8: 540618 | D8: 2007141 | E8: =C8/D8 -> 0.2693473 | F8: =IF(C8>=$C$22,"High","Low") -> High | G8: =IF(D8>=$D$22,"High","Low") -> High
A9: 9 | B9: I | C9: 381794.5 | D9: 1284454 | E9: =C9/D9 -> 0.29724264 | F9: =IF(C9>=$C$22,"High","Low") -> Low | G9: =IF(D9>=$D$22,"High","Low") -> High
A10: 4 | B10: VI | C10: 624815 | D10: 2043920 | E10: =C10/D10 -> 0.30569445 | F10: =IF(C10>=$C$22,"High","Low") -> High | G10: =IF(D10>=$D$22,"High","Low") -> High
A11: 8 | B11: XI | C11: 404542.5 | D11: 1286075 | E11: =C11/D11 -> 0.31455592 | F11: =IF(C11>=$C$22,"High","Low") -> Low | G11: =IF(D11>=$D$22,"High","Low") -> High
A12: 11 | B12: XII | C12: 401800.5 | D12: 1256650 | E12: =C12/D12 -> 0.31973939 | F12: =IF(C12>=$C$22,"High","Low") -> Low | G12: =IF(D12>=$D$22,"High","Low") -> Low
A13: 7 | B13: X | C13: 442566 | D13: 1290234 | E13: =C13/D13 -> 0.3430122 | F13: =IF(C13>=$C$22,"High","Low") -> High | G13: =IF(D13>=$D$22,"High","Low") -> High
A14: 14 | B14: IV-B | C14: 351762.5 | D14: 882763 | E14: =C14/D14 -> 0.39847898 | F14: =IF(C14>=$C$22,"High","Low") -> Low | G14: =IF(D14>=$D$22,"High","Low") -> Low
... A19: 15 | B19: BARMM | C19: 694742 | D19: 870095 | E19: =C19/D19 -> 0.79846683 | F19: =IF(C19>=$C$22,"High","Low") -> High | G19: =IF(D19>=$D$22,"High","Low") -> Low
B21: Total | C21: =SUM(C3:C19) -> 7724175 | D21: =SUM(D3:D19) -> 26494073
B22: Median | C22: =MEDIAN(C3:C19) -> 442566 | D22: =MEDIAN(D3:D19) -> 1284454 | E22: =MEDIAN(E3:E19) -> 0.31455592
B23: Share | C23: =C21/D21 -> 0.29154351

Sheet Public and Private Schools 2021
A1: Region | B1: # of Schools | C1: Type | D1: Level | E1: Year | H1: Level | I1: (All)
A2: NCR | B2: 519 | C2: Public | D2: Elementary | E2: 2020-2021 only | H2: Type | I2: (All)
A3: CAR | B3: 1541 | C3: Public | D3: Elementary | E3: 2020-2021 only
A4: I | B4: 2417 | C4: Public | D4: Elementary | E4: 2020-2021 only | H4: Row Labels | I4: Sum of # of Schools
A5: II | B5: 2213 | C5: Public | D5: Elementary | E5: 2020-2021 only | H5: IV-A | I5: 8689
A6: III | B6: 3022 | C6: Public | D6: Elementary | E6: 2020-2021 only | H6: III | I6: 7136
A7: IV-A | B7: 2755 | C7: Public | D7: Elementary | E7: 2020-2021 only | H7: VI | I7: 6394
A8: IV-B | B8: 1905 | C8: Public | D8: Elementary | E8: 2020-2021 only | H8: VII | I8: 6249
A9: V | B9: 3161 | C9: Public | D9: Elementary | E9: 2020-2021 only | H9: V | I9: 5489
A10: VI | B10: 3413 | C10: Public | D10: Elementary | E10: 2020-2021 only | H10: VIII | I10: 5141
A11: VII | B11: 2948 | C11: Public | D11: Elementary | E11: 2020-2021 only | H11: NCR | I11: 4685
A12: VIII | B12: 3648 | C12: Public | D12: Elementary | E12: 2020-2021 only | H12: I | I12: 4549
A13: IX | B13: 2128 | C13: Public | D13: Elementary | E13: 2020-2021 only | H13: X | I13: 4078
A14: X | B14: 2161 | C14: Public | D14: Elementary | E14: 2020-2021 only | H14: II | I14: 3663
A15: XI | B15: 1736 | C15: Public | D15: Elementary | E15: 2020-2021 only | H15: XI | I15: 3592
A16: XII | B16: 1827 | C16: Public | D16: Elementary | E16: 2020-2021 only | H16: XII | I16: 3553
... A22: II | B22: 347 | C22: Private | D22: Elementary | E22: 2020-2021 only | H22: Grand Total | I22: 78316
A23: III | B23: 1320 | C23: Private | D23: Elementary | E23: 2020-2021 only
A24: IV-A | B24: 2409 | C24: Private | D24: Elementary | E24: 2020-2021 only
A25: IV-B | B25: 220 | C25: Private | D25: Elementary | E25: 2020-2021 only
A26: V | B26: 436 | C26: Private | D26: Elementary | E26: 2020-2021 only
A27: VI | B27: 905 | C27: Private | D27: Elementary | E27: 2020-2021 only
A28: VII | B28: 743 | C28: Private | D28: Elementary | E28: 2020-2021 only
A29: VIII | B29: 207 | C29: Private | D29: Elementary | E29: 2020-2021 only
A30: IX | B30: 208 | C30: Private | D30: Elementary | E30: 2020-2021 only
A31: X | B31: 451 | C31: Private | D31: Elementary | E31: 2020-2021 only
A32: XI | B32: 444 | C32: Private | D32: Elementary | E32: 2020-2021 only
A33: XII | B33: 321 | C33: Private | D33: Elementary | E33: 2020-2021 only
A34: XIII | B34: 234 | C34: Private | D34: Elementary | E34: 2020-2021 only
... A103: BARMM | B103: 71 | C103: Private | D103: SHS | E103: 2020-2021 only

Sheet Classroom Ratio
A1: Region | B1: Elementary | C1: Junior High School | D1: Senior High School | E1: Overall | F1: Rank
A2: NCR | B2: 0.073611111 | C2: 0.075 | D2: 0.063194444 | E2: =3/(1/46+1/48+1/31) -> 40.09059 | F2: 17
A3: IV-A | B3: 0.06875 | C3: 0.075 | D3: 0.063888889 | E3: =3/(1/39+1/48+1/32) -> 38.597938 | F3: 16
A4: III | B4: 0.063194444 | C4: 0.066666667 | D4: 0.0625 | E4: =3/(1/31+1/36+1/30) -> 32.130518 | F4: 15
A5: I | B5: 0.057638889 | C5: 0.063194444 | D5: 0.061805556 | E5: =3/(1/23+1/31+1/29) -> 27.218517 | F5: 14
A6: II | B6: 0.056944444 | C6: 0.061111111 | D6: 0.060416667 | E6: =3/(1/22+1/28+1/27) -> 25.379451 | F6: 13
A7: CAR | B7: 0.054166667 | C7: 0.061805556 | D7: 0.059722222 | E7: =3/(1/18+1/29+1/26) -> 23.34633 | F7: 12
A8: IV-B | B8: 0.059027778 | C8: 0.066666667 | D8: 0.063194444 | E8: =3/(1/18+1/29+1/26) -> 23.34633 | F8: 11
A9: V | B9: 0.059722222 | C9: 0.06875 | D9: 0.064583333 | E9: =3/(1/18+1/29+1/26) -> 23.34633 | F9: 10
A10: VI | B10: 0.058333333 | C10: 0.065972222 | D10: 0.061805556 | E10: =3/(1/18+1/29+1/26) -> 23.34633 | F10: 9
A11: VII | B11: 0.061805556 | C11: 0.06875 | D11: 0.064583333 | E11: =3/(1/18+1/29+1/26) -> 23.34633 | F11: 8
A12: VIII | B12: 0.055555556 | C12: 0.065277778 | D12: 0.063194444 | E12: =3/(1/18+1/29+1/26) -> 23.34633 | F12: 7
A13: IX | B13: 0.060416667 | C13: 0.069444444 | D13: 0.063194444 | E13: =3/(1/18+1/29+1/26) -> 23.34633 | F13: 6
A14: X | B14: 0.0625 | C14: 0.067361111 | D14: 0.061805556 | E14: =3/(1/18+1/29+1/26) -> 23.34633 | F14: 5
A15: XI | B15: 0.063888889 | C15: 0.070138889 | D15: 0.063888889 | E15: =3/(1/18+1/29+1/26) -> 23.34633 | F15: 4
A16: XII | B16: 0.065277778 | C16: 0.069444444 | D16: 0.063888889 | E16: =3/(1/18+1/29+1/26) -> 23.34633 | F16: 3
A17: XIII | B17: 0.059722222 | C17: 0.065277778 | D17: 0.061111111 | E17: =3/(1/18+1/29+1/26) -> 23.34633 | F17: 2
A18: BARMM | B18: 0.069444444 | C18: 0.079166667 | D18: 0.075 | E18: =3/(1/18+1/29+1/26) -> 23.34633 | F18: 1
A21: 25
A22: 30
A23: 35
A24: 40
A25: 45
A26: =MEDIAN(A21:A25) -> 35 | B26: standard for both classroom and student

Sheet Teacher Ratio
A1: Region | B1: SY 2016-2017 | C1: SY 2017-2018 | D1: SY 2018-2019 | E1: SY 2019-2020 | F1: SY 2020-2021 | G1: Overall | H1: Rank
A2: BARMM | B2: 0.064583333 | C2: 0.061111111 | D2: 0.077777778 | E2: 0.077777778 | F2: 0.077777778 | G2: 52 | H2: 17
A3: VI | B3: 0.059027778 | C3: 0.059722222 | D3: 0.061111111 | E3: 0.061111111 | F3: 0.061111111 | G3: 28 | H3: 16
A4: VIII | B4: 0.056944444 | C4: 0.058333333 | D4: 0.061111111 | E4: 0.061111111 | F4: 0.061111111 | G4: 28 | H4: 15
A5: NCR | B5: 0.063888889 | C5: 0.057638889 | D5: 0.061111111 | E5: 0.061111111 | F5: 0.061111111 | G5: 28 | H5: 14
A6: III | B6: 0.061805556 | C6: 0.059027778 | D6: 0.060416667 | E6: 0.060416667 | F6: 0.060416667 | G6: 27 | H6: 13
A7: IV-A | B7: 0.0625 | C7: 0.059722222 | D7: 0.060416667 | E7: 0.060416667 | F7: 0.060416667 | G7: 27 | H7: 12
A8: VII | B8: 0.059722222 | C8: 0.057638889 | D8: 0.060416667 | E8: 0.060416667 | F8: 0.060416667 | G8: 27 | H8: 11
A9: X | B9: 0.060416667 | C9: 0.059027778 | D9: 0.060416667 | E9: 0.060416667 | F9: 0.060416667 | G9: 27 | H9: 10
A10: XI | B10: 0.060416667 | C10: 0.058333333 | D10: 0.060416667 | E10: 0.060416667 | F10: 0.060416667 | G10: 27 | H10: 9
A11: XII | B11: 0.060416667 | C11: 0.059722222 | D11: 0.060416667 | E11: 0.060416667 | F11: 0.060416667 | G11: 27 | H11: 8
A12: I | B12: 0.058333333 | C12: 0.058333333 | D12: 0.059722222 | E12: 0.059722222 | F12: 0.059722222 | G12: 26 | H12: 7
A13: IV-B | B13: 0.059027778 | C13: 0.057638889 | D13: 0.059722222 | E13: 0.059722222 | F13: 0.059722222 | G13: 26 | H13: 6
... A18: XIII | B18: 0.059027778 | C18: 0.057638889 | D18: 0.057638889 | E18: 0.057638889 | F18: 0.057638889 | G18: 23 | H18: 1

Sheet Educ Perf Ranking
A1: 1 as the best to 17 worst perf level
A2: Region | B2: Enrollment | C2: Classroom Capacity | D2: Teacher Capacity
A3: NCR | B3: 3 | C3: 17 | D3: 14
A4: CAR | B4: 16 | C4: 12 | D4: 4
A5: Region I | B5: 9 | C5: 14 | D5: 7
A6: Region II | B6: 13 | C6: 13 | D6: 3
A7: Region III | B7: 2 | C7: 15 | D7: 13
A8: Region IV-A (CALABARZON) | B8: 1 | C8: 16 | D8: 12
A9: Region IV-B (MIMAROPA) | B9: 14 | C9: 11 | D9: 6
A10: Region V | B10: 6 | C10: 10 | D10: 2
A11: Region VI | B11: 4 | C11: 9 | D11: 16
A12: Region VII | B12: 5 | C12: 8 | D12: 11
A13: Region VIII | B13: 10 | C13: 7 | D13: 15
A14: Region IX | B14: 12 | C14: 6 | D14: 5
... A19: BARMM | B19: 15 | C19: 1 | D19: 17
A21: CONVERT (Formula = 18-rank sa taas)
E22: used as Y value
A23: Region | B23: Enrollment | C23: Classroom Capacity | D23: Teacher Capacity | E23: Ave Grade | F23: Rank
A24: NCR | B24: =18-B3 -> 15 | C24: =18-C3 -> 1 | D24: =18-D3 -> 4 | E24: =(SUM(B24:D24))/3 -> 6.6666667 | F24: =_xlfn.RANK.EQ(E24, $E$24:$E$40, 0) -> 17
A25: CAR | B25: =18-B4 -> 2 | C25: =18-C4 -> 6 | D25: =18-D4 -> 14 | E25: =(SUM(B25:D25))/3 -> 7.3333333 | F25: =_xlfn.RANK.EQ(E25, $E$24:$E$40, 0) -> 14
A26: Region I | B26: =18-B5 -> 9 | C26: =18-C5 -> 4 | D26: =18-D5 -> 11 | E26: =(SUM(B26:D26))/3 -> 8 | F26: =_xlfn.RANK.EQ(E26, $E$24:$E$40, 0) -> 11
A27: Region II | B27: =18-B6 -> 5 | C27: =18-C6 -> 5 | D27: =18-D6 -> 15 | E27: =(SUM(B27:D27))/3 -> 8.3333333 | F27: =_xlfn.RANK.EQ(E27, $E$24:$E$40, 0) -> 8
A28: Region III | B28: =18-B7 -> 16 | C28: =18-C7 -> 3 | D28: =18-D7 -> 5 | E28: =(SUM(B28:D28))/3 -> 8 | F28: =_xlfn.RANK.EQ(E28, $E$24:$E$40, 0) -> 11
A29: Region IV-A (CALABARZON) | B29: =18-B8 -> 17 | C29: =18-C8 -> 2 | D29: =18-D8 -> 6 | E29: =(SUM(B29:D29))/3 -> 8.3333333 | F29: =_xlfn.RANK.EQ(E29, $E$24:$E$40, 0) -> 8
A30: Region IV-B (MIMAROPA) | B30: =18-B9 -> 4 | C30: =18-C9 -> 7 | D30: =18-D9 -> 12 | E30: =(SUM(B30:D30))/3 -> 7.6666667 | F30: =_xlfn.RANK.EQ(E30, $E$24:$E$40, 0) -> 13
A31: Region V | B31: =18-B10 -> 12 | C31: =18-C10 -> 8 | D31: =18-D10 -> 16 | E31: =(SUM(B31:D31))/3 -> 12 | F31: =_xlfn.RANK.EQ(E31, $E$24:$E$40, 0) -> 1
A32: Region VI | B32: =18-B11 -> 14 | C32: =18-C11 -> 9 | D32: =18-D11 -> 2 | E32: =(SUM(B32:D32))/3 -> 8.3333333 | F32: =_xlfn.RANK.EQ(E32, $E$24:$E$40, 0) -> 8
A33: Region VII | B33: =18-B12 -> 13 | C33: =18-C12 -> 10 | D33: =18-D12 -> 7 | E33: =(SUM(B33:D33))/3 -> 10 | F33: =_xlfn.RANK.EQ(E33, $E$24:$E$40, 0) -> 7
A34: Region VIII | B34: =18-B13 -> 8 | C34: =18-C13 -> 11 | D34: =18-D13 -> 3 | E34: =(SUM(B34:D34))/3 -> 7.3333333 | F34: =_xlfn.RANK.EQ(E34, $E$24:$E$40, 0) -> 14
A35: Region IX | B35: =18-B14 -> 6 | C35: =18-C14 -> 12 | D35: =18-D14 -> 13 | E35: =(SUM(B35:D35))/3 -> 10.333333 | F35: =_xlfn.RANK.EQ(E35, $E$24:$E$40, 0) -> 6
... A40: BARMM | B40: =18-B19 -> 3 | C40: =18-C19 -> 17 | D40: =18-D19 -> 1 | E40: =(SUM(B40:D40))/3 -> 7 | F40: =_xlfn.RANK.EQ(E40, $E$24:$E$40, 0) -> 16

Sheet ENROLLMENT RATE
A1: Region | B1: KINDER | C1: ELEM | D1: JHS | E1: SHS | F1: Average
A2: III | B2: 67.06 | C2: 100 | D2: 87.69 | E2: 58.03 | F2: =(AVERAGE(B2:E2))/100 -> 0.78195 | G2: =IF(F2>$F$20,"High","Low") -> High
A3: IV-A | B3: 65.37 | C3: 98.23 | D3: 87.85 | E3: 54.79 | F3: =(AVERAGE(B3:E3))/100 -> 0.7656 | G3: =IF(F3>$F$20,"High","Low") -> High
A4: II | B4: 62.45 | C4: 97.17 | D4: 88.81 | E4: 56.46 | F4: =(AVERAGE(B4:E4))/100 -> 0.762225 | G4: =IF(F4>$F$20,"High","Low") -> High
A5: VII | B5: 69.5 | C5: 98.07 | D5: 88.52 | E5: 47.81 | F5: =(AVERAGE(B5:E5))/100 -> 0.75975 | G5: =IF(F5>$F$20,"High","Low") -> High
A6: NCR | B6: 57.17 | C6: 89.91 | D6: 89.68 | E6: 62.28 | F6: =(AVERAGE(B6:E6))/100 -> 0.7476 | G6: =IF(F6>$F$20,"High","Low") -> High
A7: I | B7: 57.1 | C7: 89.99 | D7: 89.85 | E7: 61.54 | F7: =(AVERAGE(B7:E7))/100 -> 0.7462 | G7: =IF(F7>$F$20,"High","Low") -> High
A8: VI | B8: 66.82 | C8: 97.25 | D8: 85.68 | E8: 44.22 | F8: =(AVERAGE(B8:E8))/100 -> 0.734925 | G8: =IF(F8>$F$20,"High","Low") -> High
A9: CAR | B9: 62.32 | C9: 91.4 | D9: 84.76 | E9: 50.53 | F9: =(AVERAGE(B9:E9))/100 -> 0.722525 | G9: =IF(F9>$F$20,"High","Low") -> High
A10: X | B10: 73.36 | C10: 99.23 | D10: 76.75 | E10: 38.05 | F10: =(AVERAGE(B10:E10))/100 -> 0.718475 | G10: =IF(F10>$F$20,"High","Low") -> Low
A11: XIII | B11: 64.31 | C11: 94.84 | D11: 82.2 | E11: 40.77 | F11: =(AVERAGE(B11:E11))/100 -> 0.7053 | G11: =IF(F11>$F$20,"High","Low") -> Low
A12: XI | B12: 60.45 | C12: 93.87 | D12: 85.44 | E12: 41.53 | F12: =(AVERAGE(B12:E12))/100 -> 0.703225 | G12: =IF(F12>$F$20,"High","Low") -> Low
A13: V | B13: 63.58 | C13: 92.68 | D13: 82.27 | E13: 42.31 | F13: =(AVERAGE(B13:E13))/100 -> 0.7021 | G13: =IF(F13>$F$20,"High","Low") -> Low
... A18: BARMM | B18: 53.65 | C18: 71.51 | D18: 36.48 | E18: 10.59 | F18: =(AVERAGE(B18:E18))/100 -> 0.430575 | G18: =IF(F18>$F$20,"High","Low") -> Low
E20: Median | F20: =MEDIAN(F2:F18) -> 0.718475

Sheet Matrix Chart
A1: Region | B1: 4Ps Member/Children Count | C1: Enrollment Rate | D1: Adjusted X | E1: Adjusted Y
A2: CAR | B2: 107187 | C2: =_xlfn.XLOOKUP(A2,'ENROLLMENT RATE'!$A$2:$A$18,'ENROLLMENT RATE'!$F$2:$F$18) -> 0.722525 | D2: =B2-(MEDIAN($B$2:$B$18)) -> -335379 | E2: =C2-(MEDIAN($C$2:$C$18)) -> 0.00405
A3: NCR | B3: 398900 | C3: =_xlfn.XLOOKUP(A3,'ENROLLMENT RATE'!$A$2:$A$18,'ENROLLMENT RATE'!$F$2:$F$18) -> 0.7476 | D3: =B3-(MEDIAN($B$2:$B$18)) -> -43666 | E3: =C3-(MEDIAN($C$2:$C$18)) -> 0.029125
A4: IV-A | B4: 606348.5 | C4: =_xlfn.XLOOKUP(A4,'ENROLLMENT RATE'!$A$2:$A$18,'ENROLLMENT RATE'!$F$2:$F$18) -> 0.7656 | D4: =B4-(MEDIAN($B$2:$B$18)) -> 163782.5 | E4: =C4-(MEDIAN($C$2:$C$18)) -> 0.047125
A5: III | B5: 532256 | C5: =_xlfn.XLOOKUP(A5,'ENROLLMENT RATE'!$A$2:$A$18,'ENROLLMENT RATE'!$F$2:$F$18) -> 0.78195 | D5: =B5-(MEDIAN($B$2:$B$18)) -> 89690 | E5: =C5-(MEDIAN($C$2:$C$18)) -> 0.063475
A6: II | B6: 191926.5 | C6: =_xlfn.XLOOKUP(A6,'ENROLLMENT RATE'!$A$2:$A$18,'ENROLLMENT RATE'!$F$2:$F$18) -> 0.762225 | D6: =B6-(MEDIAN($B$2:$B$18)) -> -250639.5 | E6: =C6-(MEDIAN($C$2:$C$18)) -> 0.04375
A7: VII | B7: 540618 | C7: =_xlfn.XLOOKUP(A7,'ENROLLMENT RATE'!$A$2:$A$18,'ENROLLMENT RATE'!$F$2:$F$18) -> 0.75975 | D7: =B7-(MEDIAN($B$2:$B$18)) -> 98052 | E7: =C7-(MEDIAN($C$2:$C$18)) -> 0.041275
A8: I | B8: 381794.5 | C8: =_xlfn.XLOOKUP(A8,'ENROLLMENT RATE'!$A$2:$A$18,'ENROLLMENT RATE'!$F$2:$F$18) -> 0.7462 | D8: =B8-(MEDIAN($B$2:$B$18)) -> -60771.5 | E8: =C8-(MEDIAN($C$2:$C$18)) -> 0.027725
A9: VI | B9: 624815 | C9: =_xlfn.XLOOKUP(A9,'ENROLLMENT RATE'!$A$2:$A$18,'ENROLLMENT RATE'!$F$2:$F$18) -> 0.734925 | D9: =B9-(MEDIAN($B$2:$B$18)) -> 182249 | E9: =C9-(MEDIAN($C$2:$C$18)) -> 0.01645
A10: XI | B10: 404542.5 | C10: =_xlfn.XLOOKUP(A10,'ENROLLMENT RATE'!$A$2:$A$18,'ENROLLMENT RATE'!$F$2:$F$18) -> 0.703225 | D10: =B10-(MEDIAN($B$2:$B$18)) -> -38023.5 | E10: =C10-(MEDIAN($C$2:$C$18)) -> -0.01525
A11: XII | B11: 401800.5 | C11: =_xlfn.XLOOKUP(A11,'ENROLLMENT RATE'!$A$2:$A$18,'ENROLLMENT RATE'!$F$2:$F$18) -> 0.674975 | D11: =B11-(MEDIAN($B$2:$B$18)) -> -40765.5 | E11: =C11-(MEDIAN($C$2:$C$18)) -> -0.0435
A12: X | B12: 442566 | C12: =_xlfn.XLOOKUP(A12,'ENROLLMENT RATE'!$A$2:$A$18,'ENROLLMENT RATE'!$F$2:$F$18) -> 0.718475 | D12: =B12-(MEDIAN($B$2:$B$18)) -> 0 | E12: =C12-(MEDIAN($C$2:$C$18)) -> 0
A13: IV-B | B13: 351762.5 | C13: =_xlfn.XLOOKUP(A13,'ENROLLMENT RATE'!$A$2:$A$18,'ENROLLMENT RATE'!$F$2:$F$18) -> 0.689975 | D13: =B13-(MEDIAN($B$2:$B$18)) -> -90803.5 | E13: =C13-(MEDIAN($C$2:$C$18)) -> -0.0285
... A18: BARMM | B18: 694742 | C18: =_xlfn.XLOOKUP(A18,'ENROLLMENT RATE'!$A$2:$A$18,'ENROLLMENT RATE'!$F$2:$F$18) -> 0.430575 | D18: =B18-(MEDIAN($B$2:$B$18)) -> 252176 | E18: =C18-(MEDIAN($C$2:$C$18)) -> -0.2879

Sheet Notes
A1: Notes:
B3: Enrollment Count: SY 2020-2021 data was used since this is the latest data we have
B5: Age Bracket per Level:
B6: * Kindergarten: at least 5 yrs old
B7: * Grade 1-10: 6 to 14 yrs old
B8: * Grade 11-12 (SHS): 15 to 19 yrs old
B10: 4Ps Children Count per Quarter: Median Value is used to account for all quarters
B11: * Q1 (Jan-Mar): Count is before the school year starts, so it doesn't match the enrolled students.
B12: * Q2 (Apr-Jun): Data is incomplete for some regions, which would make the analysis unfair.
B13: * Q3 (Jul-Sep): Data is incomplete for some regions, which would make the analysis unfair.
B14: * Q4 (Oct-Dec): The data is complete for all regions, and it's taken during the school year when children should be enrolled.
A16: WHY?
B17: How big the share of 4Ps children is inside the education system?
B18: Diagnose gaps and explain why some regions need more intervention
