Workbook

Sheet 4Ps Children Count
A1: Region | B1: Age | C1: Total | D1: Island | E1: Quarter | F1: Year
A2: NCR | B2: 0-2 | C2: 2616 | D2: Luzon | E2: Q1 | F2: 2020 | J2: Year | K2: 2020
A3: NCR | B3: 3-5 | C3: 7713 | D3: Luzon | E3: Q1 | F3: 2020 | J3: Age | K3: (All)
A4: NCR | B4: 6-14 | C4: 216848 | D4: Luzon | E4: Q1 | F4: 2020
A5: NCR | B5: 15-18 | C5: 170234 | D5: Luzon | E5: Q1 | F5: 2020 | J5: SUM of Total | K5: Quarter
A6: CAR | B6: 0-2 | C6: 1531 | D6: Luzon | E6: Q1 | F6: 2020 | J6: Region | K6: Q1 | L6: Q2 | M6: Q3 | N6: Q4 | O6: Grand Total | Q6: Region | R6: Q1 | S6: Q2 | T6: Q3 | U6: Q4 | V6: Median
A7: CAR | B7: 3-5 | C7: 4721 | D7: Luzon | E7: Q1 | F7: 2020 | J7: BARMM | K7: 706850 | L7: 684820 | M7: 655101 | N7: 704664 | O7: 2751435 | Q7: BARMM | R7: 706850 | S7: 684820 | T7: 655101 | U7: 704664 | V7: =MEDIAN(R7:U7) -> 694742
A8: CAR | B8: 6-14 | C8: 53543 | D8: Luzon | E8: Q1 | F8: 2020 | J8: CAR | K8: 109800 | L8: 108268 | M8: 106106 | N8: 101818 | O8: 425992 | Q8: CAR | R8: 109800 | S8: 108268 | T8: 106106 | U8: 101818 | V8: =MEDIAN(R8:U8) -> 107187
A9: CAR | B9: 15-18 | C9: 50005 | D9: Luzon | E9: Q1 | F9: 2020 | J9: I | K9: 390862 | L9: 385096 | M9: 378493 | N9: 374982 | O9: 1529433 | Q9: I | R9: 390862 | S9: 385096 | T9: 378493 | U9: 374982 | V9: =MEDIAN(R9:U9) -> 381794.5
A10: I | B10: 0-2 | C10: 5484 | D10: Luzon | E10: Q1 | F10: 2020 | J10: II | K10: 192446 | L10: 195073 | M10: 191407 | N10: 189235 | O10: 768161 | Q10: II | R10: 192446 | S10: 195073 | T10: 191407 | U10: 189235 | V10: =MEDIAN(R10:U10) -> 191926.5
A11: I | B11: 3-5 | C11: 18833 | D11: Luzon | E11: Q1 | F11: 2020 | J11: III | K11: 535756 | L11: 541571 | M11: 528756 | N11: 519573 | O11: 2125656 | Q11: III | R11: 535756 | S11: 541571 | T11: 528756 | U11: 519573 | V11: =MEDIAN(R11:U11) -> 532256
A12: I | B12: 6-14 | C12: 209712 | D12: Luzon | E12: Q1 | F12: 2020 | J12: IV-A | K12: 608082 | L12: 616053 | M12: 604615 | N12: 589737 | O12: 2418487 | Q12: IV-A | R12: 608082 | S12: 616053 | T12: 604615 | U12: 589737 | V12: =MEDIAN(R12:U12) -> 606348.5
A13: I | B13: 15-18 | C13: 156833 | D13: Luzon | E13: Q1 | F13: 2020 | J13: IX | K13: 500054 | L13: 495969 | M13: 486182 | N13: 473471 | O13: 1955676 | Q13: IX | R13: 500054 | S13: 495969 | T13: 486182 | U13: 473471 | V13: =MEDIAN(R13:U13) -> 491075.5
A14: II | B14: 0-2 | C14: 2029 | D14: Luzon | E14: Q1 | F14: 2020 | J14: MIMAROPA | K14: 359156 | L14: 353569 | M14: 349956 | N14: 341434 | O14: 1404115 | Q14: MIMAROPA | R14: 359156 | S14: 353569 | T14: 349956 | U14: 341434 | V14: =MEDIAN(R14:U14) -> 351762.5
A15: II | B15: 3-5 | C15: 7106 | D15: Luzon | E15: Q1 | F15: 2020 | J15: NCR | K15: 397411 | L15: 408502 | M15: 400389 | N15: 382728 | O15: 1589030 | Q15: NCR | R15: 397411 | S15: 408502 | T15: 400389 | U15: 382728 | V15: =MEDIAN(R15:U15) -> 398900
A16: II | B16: 6-14 | C16: 103150 | D16: Luzon | E16: Q1 | F16: 2020 | J16: V | K16: 728048 | L16: 733748 | M16: 725394 | N16: 711658 | O16: 2898848 | Q16: V | R16: 728048 | S16: 733748 | T16: 725394 | U16: 711658 | V16: =MEDIAN(R16:U16) -> 726721
A17: II | B17: 15-18 | C17: 80161 | D17: Luzon | E17: Q1 | F17: 2020 | J17: VI | K17: 638105 | L17: 631919 | M17: 617711 | N17: 607903 | O17: 2495638 | Q17: VI | R17: 638105 | S17: 631919 | T17: 617711 | U17: 607903 | V17: =MEDIAN(R17:U17) -> 624815
A18: III | B18: 0-2 | C18: 2969 | D18: Luzon | E18: Q1 | F18: 2020 | J18: VII | K18: 546617 | L18: 548075 | M18: 534619 | N18: 520212 | O18: 2149523 | Q18: VII | R18: 546617 | S18: 548075 | T18: 534619 | U18: 520212 | V18: =MEDIAN(R18:U18) -> 540618
... A22: IV-A | B22: 0-2 | C22: 6029 | D22: Luzon | E22: Q1 | F22: 2020 | J22: XII | K22: 408433 | L22: 411718 | M22: 395168 | N22: 316715 | O22: 1532034 | Q22: XII | R22: 408433 | S22: 411718 | T22: 395168 | U22: 316715 | V22: =MEDIAN(R22:U22) -> 401800.5
A23: IV-A | B23: 3-5 | C23: 19467 | D23: Luzon | E23: Q1 | F23: 2020 | J23: XIII | K23: 329619 | N23: 315020 | O23: 644639 | Q23: XIII | R23: 329619 | U23: 315020 | V23: =MEDIAN(R23:U23) -> 322319.5
A24: IV-A | B24: 6-14 | C24: 326299 | D24: Luzon | E24: Q1 | F24: 2020 | J24: Grand Total | K24: 7834939 | L24: 7482837 | M24: 7309258 | N24: 7446916 | O24: 30073950
A25: IV-A | B25: 15-18 | C25: 256287 | D25: Luzon | E25: Q1 | F25: 2020
A26: MIMAROPA | B26: 0-2 | C26: 5734 | D26: Luzon | E26: Q1 | F26: 2020
A27: MIMAROPA | B27: 3-5 | C27: 19927 | D27: Luzon | E27: Q1 | F27: 2020
A28: MIMAROPA | B28: 6-14 | C28: 181815 | D28: Luzon | E28: Q1 | F28: 2020
A29: MIMAROPA | B29: 15-18 | C29: 151680 | D29: Luzon | E29: Q1 | F29: 2020
A30: V | B30: 0-2 | C30: 4945 | D30: Luzon | E30: Q1 | F30: 2020
A31: V | B31: 3-5 | C31: 16623 | D31: Luzon | E31: Q1 | F31: 2020
A32: V | B32: 6-14 | C32: 375497 | D32: Luzon | E32: Q1 | F32: 2020
A33: V | B33: 15-18 | C33: 330983 | D33: Luzon | E33: Q1 | F33: 2020
A34: VI | B34: 0-2 | C34: 7622 | D34: Visayas | E34: Q1 | F34: 2020
A35: VI | B35: 3-5 | C35: 21727 | D35: Visayas | E35: Q1 | F35: 2020
A36: VI | B36: 6-14 | C36: 334834 | D36: Visayas | E36: Q1 | F36: 2020
... A265: BARMM | B265: 15-18 | C265: 390854 | D265: Mindanao | E265: Q4 | F265: 2020

Sheet ENROLLMENT RATE
A1: Region | B1: KINDER | C1: ELEM | D1: JHS | E1: SHS | F1: Average
A2: III | B2: 67.06 | C2: 100 | D2: 87.69 | E2: 58.03 | F2: =(AVERAGE(B2:E2))/100 -> 0.78195 | G2: =IF(F2>$F$20,"High","Low") -> High
A3: IV-A | B3: 65.37 | C3: 98.23 | D3: 87.85 | E3: 54.79 | F3: =(AVERAGE(B3:E3))/100 -> 0.7656 | G3: =IF(F3>$F$20,"High","Low") -> High
A4: II | B4: 62.45 | C4: 97.17 | D4: 88.81 | E4: 56.46 | F4: =(AVERAGE(B4:E4))/100 -> 0.762225 | G4: =IF(F4>$F$20,"High","Low") -> High
A5: VII | B5: 69.5 | C5: 98.07 | D5: 88.52 | E5: 47.81 | F5: =(AVERAGE(B5:E5))/100 -> 0.75975 | G5: =IF(F5>$F$20,"High","Low") -> High
A6: NCR | B6: 57.17 | C6: 89.91 | D6: 89.68 | E6: 62.28 | F6: =(AVERAGE(B6:E6))/100 -> 0.7476 | G6: =IF(F6>$F$20,"High","Low") -> High
A7: I | B7: 57.1 | C7: 89.99 | D7: 89.85 | E7: 61.54 | F7: =(AVERAGE(B7:E7))/100 -> 0.7462 | G7: =IF(F7>$F$20,"High","Low") -> High
A8: VI | B8: 66.82 | C8: 97.25 | D8: 85.68 | E8: 44.22 | F8: =(AVERAGE(B8:E8))/100 -> 0.734925 | G8: =IF(F8>$F$20,"High","Low") -> High
A9: CAR | B9: 62.32 | C9: 91.4 | D9: 84.76 | E9: 50.53 | F9: =(AVERAGE(B9:E9))/100 -> 0.722525 | G9: =IF(F9>$F$20,"High","Low") -> High
A10: X | B10: 73.36 | C10: 99.23 | D10: 76.75 | E10: 38.05 | F10: =(AVERAGE(B10:E10))/100 -> 0.718475 | G10: =IF(F10>$F$20,"High","Low") -> Low
A11: XIII | B11: 64.31 | C11: 94.84 | D11: 82.2 | E11: 40.77 | F11: =(AVERAGE(B11:E11))/100 -> 0.7053 | G11: =IF(F11>$F$20,"High","Low") -> Low
A12: XI | B12: 60.45 | C12: 93.87 | D12: 85.44 | E12: 41.53 | F12: =(AVERAGE(B12:E12))/100 -> 0.703225 | G12: =IF(F12>$F$20,"High","Low") -> Low
A13: V | B13: 63.58 | C13: 92.68 | D13: 82.27 | E13: 42.31 | F13: =(AVERAGE(B13:E13))/100 -> 0.7021 | G13: =IF(F13>$F$20,"High","Low") -> Low
... A18: BARMM | B18: 53.65 | C18: 71.51 | D18: 36.48 | E18: 10.59 | F18: =(AVERAGE(B18:E18))/100 -> 0.430575 | G18: =IF(F18>$F$20,"High","Low") -> Low
E20: Median | F20: =MEDIAN(F2:F18) -> 0.718475

Sheet Matrix Chart
A1: Region | B1: 4Ps Member/Children Count | C1: Enrollment Rate | D1: Adjusted X | E1: Adjusted Y
A2: CAR | B2: 107187 | C2: =_xlfn.XLOOKUP(A2,'ENROLLMENT RATE'!$A$2:$A$18,'ENROLLMENT RATE'!$F$2:$F$18) -> 0.722525 | D2: =B2-(MEDIAN($B$2:$B$18)) -> -335379 | E2: =C2-(MEDIAN($C$2:$C$18)) -> 0.00405
A3: NCR | B3: 398900 | C3: =_xlfn.XLOOKUP(A3,'ENROLLMENT RATE'!$A$2:$A$18,'ENROLLMENT RATE'!$F$2:$F$18) -> 0.7476 | D3: =B3-(MEDIAN($B$2:$B$18)) -> -43666 | E3: =C3-(MEDIAN($C$2:$C$18)) -> 0.029125
A4: IV-A | B4: 606348.5 | C4: =_xlfn.XLOOKUP(A4,'ENROLLMENT RATE'!$A$2:$A$18,'ENROLLMENT RATE'!$F$2:$F$18) -> 0.7656 | D4: =B4-(MEDIAN($B$2:$B$18)) -> 163782.5 | E4: =C4-(MEDIAN($C$2:$C$18)) -> 0.047125
A5: III | B5: 532256 | C5: =_xlfn.XLOOKUP(A5,'ENROLLMENT RATE'!$A$2:$A$18,'ENROLLMENT RATE'!$F$2:$F$18) -> 0.78195 | D5: =B5-(MEDIAN($B$2:$B$18)) -> 89690 | E5: =C5-(MEDIAN($C$2:$C$18)) -> 0.063475
A6: II | B6: 191926.5 | C6: =_xlfn.XLOOKUP(A6,'ENROLLMENT RATE'!$A$2:$A$18,'ENROLLMENT RATE'!$F$2:$F$18) -> 0.762225 | D6: =B6-(MEDIAN($B$2:$B$18)) -> -250639.5 | E6: =C6-(MEDIAN($C$2:$C$18)) -> 0.04375
A7: VII | B7: 540618 | C7: =_xlfn.XLOOKUP(A7,'ENROLLMENT RATE'!$A$2:$A$18,'ENROLLMENT RATE'!$F$2:$F$18) -> 0.75975 | D7: =B7-(MEDIAN($B$2:$B$18)) -> 98052 | E7: =C7-(MEDIAN($C$2:$C$18)) -> 0.041275
A8: I | B8: 381794.5 | C8: =_xlfn.XLOOKUP(A8,'ENROLLMENT RATE'!$A$2:$A$18,'ENROLLMENT RATE'!$F$2:$F$18) -> 0.7462 | D8: =B8-(MEDIAN($B$2:$B$18)) -> -60771.5 | E8: =C8-(MEDIAN($C$2:$C$18)) -> 0.027725
A9: VI | B9: 624815 | C9: =_xlfn.XLOOKUP(A9,'ENROLLMENT RATE'!$A$2:$A$18,'ENROLLMENT RATE'!$F$2:$F$18) -> 0.734925 | D9: =B9-(MEDIAN($B$2:$B$18)) -> 182249 | E9: =C9-(MEDIAN($C$2:$C$18)) -> 0.01645
A10: XI | B10: 404542.5 | C10: =_xlfn.XLOOKUP(A10,'ENROLLMENT RATE'!$A$2:$A$18,'ENROLLMENT RATE'!$F$2:$F$18) -> 0.703225 | D10: =B10-(MEDIAN($B$2:$B$18)) -> -38023.5 | E10: =C10-(MEDIAN($C$2:$C$18)) -> -0.01525
A11: XII | B11: 401800.5 | C11: =_xlfn.XLOOKUP(A11,'ENROLLMENT RATE'!$A$2:$A$18,'ENROLLMENT RATE'!$F$2:$F$18) -> 0.674975 | D11: =B11-(MEDIAN($B$2:$B$18)) -> -40765.5 | E11: =C11-(MEDIAN($C$2:$C$18)) -> -0.0435
A12: X | B12: 442566 | C12: =_xlfn.XLOOKUP(A12,'ENROLLMENT RATE'!$A$2:$A$18,'ENROLLMENT RATE'!$F$2:$F$18) -> 0.718475 | D12: =B12-(MEDIAN($B$2:$B$18)) -> 0 | E12: =C12-(MEDIAN($C$2:$C$18)) -> 0
A13: IV-B | B13: 351762.5 | C13: =_xlfn.XLOOKUP(A13,'ENROLLMENT RATE'!$A$2:$A$18,'ENROLLMENT RATE'!$F$2:$F$18) -> 0.689975 | D13: =B13-(MEDIAN($B$2:$B$18)) -> -90803.5 | E13: =C13-(MEDIAN($C$2:$C$18)) -> -0.0285
... A18: BARMM | B18: 694742 | C18: =_xlfn.XLOOKUP(A18,'ENROLLMENT RATE'!$A$2:$A$18,'ENROLLMENT RATE'!$F$2:$F$18) -> 0.430575 | D18: =B18-(MEDIAN($B$2:$B$18)) -> 252176 | E18: =C18-(MEDIAN($C$2:$C$18)) -> -0.2879

Sheet Notes
A1: Notes:
B3: Enrollment Rate: SY 2019-2020 from DepEd
B5: 4Ps Children Count per Quarter: Median Value is used to account for all quarters
B6: * Q1 (Jan-Mar): Count is before the school year starts, so it doesn't match the enrolled students.
B7: * Q2 (Apr-Jun): Data is incomplete for some regions, which would make the analysis unfair.
B8: * Q3 (Jul-Sep): Data is incomplete for some regions, which would make the analysis unfair.
B9: * Q4 (Oct-Dec): The data is complete for all regions, and it's taken during the school year when children should be enrolled.
